Program,Year,Period,Geo Level,State,Data Item,Domain,Domain Category,Value,CV (%)
CENSUS,2023,YEAR,NATIONAL,US TOTAL,"WATER, IRRIGATION, RECLAIMED - WATER APPLIED, MEASURED IN ACRE FEET",TOTAL,NOT SPECIFIED,"1,075,438",13.9
CENSUS,2023,YEAR,NATIONAL,US TOTAL,"WATER, IRRIGATION, RECLAIMED, IN THE OPEN - ACRES IRRIGATED",TOTAL,NOT SPECIFIED,"784,757",13.6
CENSUS,2023,YEAR,NATIONAL,US TOTAL,"WATER, IRRIGATION, RECYCLED, IN THE OPEN - ACRES IRRIGATED",TOTAL,NOT SPECIFIED,"1,181,694",9.1
CENSUS,2023,YEAR,PUERTO RICO & OUTLYING AREAS,GUAM,"WATER, IRRIGATION, SOURCE = CANAL OR IRRIGATION DISTRICT - NUMBER OF OPERATIONS",AREA OPERATED,AREA OPERATED: (20 OR MORE ACRES),3,68.4
CENSUS,2023,YEAR,PUERTO RICO & OUTLYING AREAS,GUAM,"WATER, IRRIGATION, SOURCE = CANAL OR IRRIGATION DISTRICT - NUMBER OF OPERATIONS",FARM SALES,"FARM SALES: (LESS THAN 1,200 $)",3,68.4
CENSUS,2023,YEAR,PUERTO RICO & OUTLYING AREAS,GUAM,"WATER, IRRIGATION, SOURCE = CANAL OR IRRIGATION DISTRICT - NUMBER OF OPERATIONS",TOTAL,NOT SPECIFIED,3,68.4
CENSUS,2023,YEAR,PUERTO RICO & OUTLYING AREAS,VIRGIN ISLANDS OF THE US,"WATER, IRRIGATION, SOURCE = CANAL OR IRRIGATION DISTRICT - NUMBER OF OPERATIONS",AREA OPERATED,AREA OPERATED: (3.0 TO 9.9 ACRES),2,16.3
CENSUS,2023,YEAR,PUERTO RICO & OUTLYING AREAS,VIRGIN ISLANDS OF THE US,"WATER, IRRIGATION, SOURCE = CANAL OR IRRIGATION DISTRICT - NUMBER OF OPERATIONS",FARM SALES,"FARM SALES: (LESS THAN 1,200 $)",2,16.3
CENSUS,2023,YEAR,PUERTO RICO & OUTLYING AREAS,VIRGIN ISLANDS OF THE US,"WATER, IRRIGATION, SOURCE = CANAL OR IRRIGATION DISTRICT - NUMBER OF OPERATIONS",TOTAL,NOT SPECIFIED,2,16.3
CENSUS,2023,YEAR,PUERTO RICO & OUTLYING AREAS,VIRGIN ISLANDS OF THE US,"WATER, IRRIGATION, SOURCE = DEPT OF AGRICULTURE - NUMBER OF OPERATIONS",AREA OPERATED,AREA OPERATED: (10.0 TO 19.9 ACRES),6,62.0
CENSUS,2023,YEAR,PUERTO RICO & OUTLYING AREAS,VIRGIN ISLANDS OF THE US,"WATER, IRRIGATION, SOURCE = DEPT OF AGRICULTURE - NUMBER OF OPERATIONS",AREA OPERATED,AREA OPERATED: (20.0 TO 49.9 ACRES),5,53.2
CENSUS,2023,YEAR,PUERTO RICO & OUTLYING AREAS,VIRGIN ISLANDS OF THE US,"WATER, IRRIGATION, SOURCE = DEPT OF AGRICULTURE - NUMBER OF OPERATIONS",AREA OPERATED,AREA OPERATED: (3.0 TO 9.9 ACRES),26,34.5
CENSUS,2023,YEAR,PUERTO RICO & OUTLYING AREAS,VIRGIN ISLANDS OF THE US,"WATER, IRRIGATION, SOURCE = DEPT OF AGRICULTURE - NUMBER OF OPERATIONS",AREA OPERATED,AREA OPERATED: (LESS THAN 3.0 ACRES),31,41.4
CENSUS,2023,YEAR,PUERTO RICO & OUTLYING AREAS,VIRGIN ISLANDS OF THE US,"WATER, IRRIGATION, SOURCE = DEPT OF AGRICULTURE - NUMBER OF OPERATIONS",FARM SALES,"FARM SALES: (1,200 TO 2,499 $)",18,51.9
CENSUS,2023,YEAR,PUERTO RICO & OUTLYING AREAS,VIRGIN ISLANDS OF THE US,"WATER, IRRIGATION, SOURCE = DEPT OF AGRICULTURE - NUMBER OF OPERATIONS",FARM SALES,"FARM SALES: (10,000 OR MORE $)",16,27.7
CENSUS,2023,YEAR,PUERTO RICO & OUTLYING AREAS,VIRGIN ISLANDS OF THE US,"WATER, IRRIGATION, SOURCE = DEPT OF AGRICULTURE - NUMBER OF OPERATIONS",FARM SALES,"FARM SALES: (2,500 TO 4,999 $)",4,72.1
CENSUS,2023,YEAR,PUERTO RICO & OUTLYING AREAS,VIRGIN ISLANDS OF THE US,"WATER, IRRIGATION, SOURCE = DEPT OF AGRICULTURE - NUMBER OF OPERATIONS",FARM SALES,"FARM SALES: (5,000 TO 7,499 $)",4,72.0
CENSUS,2023,YEAR,PUERTO RICO & OUTLYING AREAS,VIRGIN ISLANDS OF THE US,"WATER, IRRIGATION, SOURCE = DEPT OF AGRICULTURE - NUMBER OF OPERATIONS",FARM SALES,"FARM SALES: (LESS THAN 1,200 $)",26,34.1
CENSUS,2023,YEAR,PUERTO RICO & OUTLYING AREAS,VIRGIN ISLANDS OF THE US,"WATER, IRRIGATION, SOURCE = DEPT OF AGRICULTURE - NUMBER OF OPERATIONS",TOTAL,NOT SPECIFIED,68,32.8
CENSUS,2023,YEAR,PUERTO RICO & OUTLYING AREAS,VIRGIN ISLANDS OF THE US,"WATER, IRRIGATION, SOURCE = LAKE OR POND - NUMBER OF OPERATIONS",AREA OPERATED,AREA OPERATED: (10.0 TO 19.9 ACRES),6,62.4
CENSUS,2023,YEAR,PUERTO RICO & OUTLYING AREAS,VIRGIN ISLANDS OF THE US,"WATER, IRRIGATION, SOURCE = LAKE OR POND - NUMBER OF OPERATIONS",AREA OPERATED,AREA OPERATED: (20.0 TO 49.9 ACRES),2,15.6
CENSUS,2023,YEAR,PUERTO RICO & OUTLYING AREAS,VIRGIN ISLANDS OF THE US,"WATER, IRRIGATION, SOURCE = LAKE OR POND - NUMBER OF OPERATIONS",AREA OPERATED,AREA OPERATED: (3.0 TO 9.9 ACRES),3,85.6
CENSUS,2023,YEAR,PUERTO RICO & OUTLYING AREAS,VIRGIN ISLANDS OF THE US,"WATER, IRRIGATION, SOURCE = LAKE OR POND - NUMBER OF OPERATIONS",AREA OPERATED,AREA OPERATED: (LESS THAN 3.0 ACRES),10,58.5
CENSUS,2023,YEAR,PUERTO RICO & OUTLYING AREAS,VIRGIN ISLANDS OF THE US,"WATER, IRRIGATION, SOURCE = LAKE OR POND - NUMBER OF OPERATIONS",FARM SALES,"FARM SALES: (10,000 OR MORE $)",8,56.7
CENSUS,2023,YEAR,PUERTO RICO & OUTLYING AREAS,VIRGIN ISLANDS OF THE US,"WATER, IRRIGATION, SOURCE = LAKE OR POND - NUMBER OF OPERATIONS",FARM SALES,"FARM SALES: (5,000 TO 7,499 $)",4,72.8
CENSUS,2023,YEAR,PUERTO RICO & OUTLYING AREAS,VIRGIN ISLANDS OF THE US,"WATER, IRRIGATION, SOURCE = LAKE OR POND - NUMBER OF OPERATIONS",FARM SALES,"FARM SALES: (LESS THAN 1,200 $)",8,56.3
CENSUS,2023,YEAR,PUERTO RICO & OUTLYING AREAS,VIRGIN ISLANDS OF THE US,"WATER, IRRIGATION, SOURCE = LAKE OR POND - NUMBER OF OPERATIONS",TOTAL,NOT SPECIFIED,21,37.8
CENSUS,2023,YEAR,PUERTO RICO & OUTLYING AREAS,VIRGIN ISLANDS OF THE US,"WATER, IRRIGATION, SOURCE = DEPT OF AGRICULTURE - NUMBER OF OPERATIONS",TOTAL,NOT SPECIFIED,50,31.1
CENSUS,2023,YEAR,PUERTO RICO & OUTLYING AREAS,VIRGIN ISLANDS OF THE US,"WATER, IRRIGATION, SOURCE = LAKE OR POND - NUMBER OF OPERATIONS",TOTAL,NOT SPECIFIED,13,42.1
CENSUS,2023,YEAR,PUERTO RICO & OUTLYING AREAS,VIRGIN ISLANDS OF THE US,"WATER, IRRIGATION, SOURCE = DEPT OF AGRICULTURE - NUMBER OF OPERATIONS",TOTAL,NOT SPECIFIED,18,48.3
CENSUS,2023,YEAR,PUERTO RICO & OUTLYING AREAS,VIRGIN ISLANDS OF THE US,"WATER, IRRIGATION, SOURCE = LAKE OR POND - NUMBER OF OPERATIONS",TOTAL,NOT SPECIFIED,8,57.1
CENSUS,2023,YEAR,STATE,ALABAMA,"WATER, IRRIGATION, RECYCLED, IN THE OPEN - ACRES IRRIGATED",TOTAL,NOT SPECIFIED,782,88.5
CENSUS,2023,YEAR,STATE,ARIZONA,"WATER, IRRIGATION, RECLAIMED - WATER APPLIED, MEASURED IN ACRE FEET",TOTAL,NOT SPECIFIED,"146,802",61.4
CENSUS,2023,YEAR,STATE,ARIZONA,"WATER, IRRIGATION, RECLAIMED, IN THE OPEN - ACRES IRRIGATED",TOTAL,NOT SPECIFIED,"43,170",52.6
CENSUS,2023,YEAR,STATE,ARIZONA,"WATER, IRRIGATION, RECYCLED, IN THE OPEN - ACRES IRRIGATED",TOTAL,NOT SPECIFIED,"5,794",94.1
CENSUS,2023,YEAR,STATE,ARKANSAS,"WATER, IRRIGATION, RECLAIMED - WATER APPLIED, MEASURED IN ACRE FEET",TOTAL,NOT SPECIFIED,"3,340",70.5
CENSUS,2023,YEAR,STATE,ARKANSAS,"WATER, IRRIGATION, RECLAIMED, IN THE OPEN - ACRES IRRIGATED",TOTAL,NOT SPECIFIED,"4,742",64.0
CENSUS,2023,YEAR,STATE,ARKANSAS,"WATER, IRRIGATION, RECYCLED, IN THE OPEN - ACRES IRRIGATED",TOTAL,NOT SPECIFIED,"436,311",19.9
CENSUS,2023,YEAR,STATE,CALIFORNIA,"WATER, IRRIGATION, RECLAIMED - WATER APPLIED, MEASURED IN ACRE FEET",TOTAL,NOT SPECIFIED,"599,451",18.9
CENSUS,2023,YEAR,STATE,CALIFORNIA,"WATER, IRRIGATION, RECLAIMED, IN THE OPEN - ACRES IRRIGATED",TOTAL,NOT SPECIFIED,"374,324",17.8
CENSUS,2023,YEAR,STATE,CALIFORNIA,"WATER, IRRIGATION, RECYCLED, IN THE OPEN - ACRES IRRIGATED",TOTAL,NOT SPECIFIED,"296,277",23.1
CENSUS,2023,YEAR,STATE,COLORADO,"WATER, IRRIGATION, RECLAIMED - WATER APPLIED, MEASURED IN ACRE FEET",TOTAL,NOT SPECIFIED,"55,119",82.2
CENSUS,2023,YEAR,STATE,COLORADO,"WATER, IRRIGATION, RECLAIMED, IN THE OPEN - ACRES IRRIGATED",TOTAL,NOT SPECIFIED,"55,393",57.9
CENSUS,2023,YEAR,STATE,COLORADO,"WATER, IRRIGATION, RECYCLED, IN THE OPEN - ACRES IRRIGATED",TOTAL,NOT SPECIFIED,"36,579",36.7
CENSUS,2023,YEAR,STATE,CONNECTICUT,"WATER, IRRIGATION, RECYCLED, IN THE OPEN - ACRES IRRIGATED",TOTAL,NOT SPECIFIED,736,82.8
CENSUS,2023,YEAR,STATE,FLORIDA,"WATER, IRRIGATION, RECLAIMED - WATER APPLIED, MEASURED IN ACRE FEET",TOTAL,NOT SPECIFIED,"19,112",54.4
CENSUS,2023,YEAR,STATE,FLORIDA,"WATER, IRRIGATION, RECLAIMED, IN THE OPEN - ACRES IRRIGATED",TOTAL,NOT SPECIFIED,"25,374",54.1
CENSUS,2023,YEAR,STATE,FLORIDA,"WATER, IRRIGATION, RECYCLED, IN THE OPEN - ACRES IRRIGATED",TOTAL,NOT SPECIFIED,"33,940",37.7
CENSUS,2023,YEAR,STATE,GEORGIA,"WATER, IRRIGATION, RECYCLED, IN THE OPEN - ACRES IRRIGATED",TOTAL,NOT SPECIFIED,"24,471",61.4
CENSUS,2023,YEAR,STATE,HAWAII,"WATER, IRRIGATION, RECLAIMED - WATER APPLIED, MEASURED IN ACRE FEET",TOTAL,NOT SPECIFIED,887,86.9
CENSUS,2023,YEAR,STATE,HAWAII,"WATER, IRRIGATION, RECLAIMED, IN THE OPEN - ACRES IRRIGATED",TOTAL,NOT SPECIFIED,465,69.7
CENSUS,2023,YEAR,STATE,IDAHO,"WATER, IRRIGATION, RECLAIMED - WATER APPLIED, MEASURED IN ACRE FEET",TOTAL,NOT SPECIFIED,"17,538",60.1
CENSUS,2023,YEAR,STATE,IDAHO,"WATER, IRRIGATION, RECLAIMED, IN THE OPEN - ACRES IRRIGATED",TOTAL,NOT SPECIFIED,"21,031",46.9
CENSUS,2023,YEAR,STATE,IDAHO,"WATER, IRRIGATION, RECYCLED, IN THE OPEN - ACRES IRRIGATED",TOTAL,NOT SPECIFIED,"29,299",57.2
CENSUS,2023,YEAR,STATE,ILLINOIS,"WATER, IRRIGATION, RECLAIMED - WATER APPLIED, MEASURED IN ACRE FEET",TOTAL,NOT SPECIFIED,"1,050",99.8
CENSUS,2023,YEAR,STATE,ILLINOIS,"WATER, IRRIGATION, RECLAIMED, IN THE OPEN - ACRES IRRIGATED",TOTAL,NOT SPECIFIED,"2,100",99.8
CENSUS,2023,YEAR,STATE,ILLINOIS,"WATER, IRRIGATION, RECYCLED, IN THE OPEN - ACRES IRRIGATED",TOTAL,NOT SPECIFIED,802,68.1
CENSUS,2023,YEAR,STATE,INDIANA,"WATER, IRRIGATION, RECLAIMED - WATER APPLIED, MEASURED IN ACRE FEET",TOTAL,NOT SPECIFIED,794,96.7
CENSUS,2023,YEAR,STATE,INDIANA,"WATER, IRRIGATION, RECLAIMED, IN THE OPEN - ACRES IRRIGATED",TOTAL,NOT SPECIFIED,"4,760",98.3
CENSUS,2023,YEAR,STATE,INDIANA,"WATER, IRRIGATION, RECYCLED, IN THE OPEN - ACRES IRRIGATED",TOTAL,NOT SPECIFIED,"1,207",72.5
CENSUS,2023,YEAR,STATE,KANSAS,"WATER, IRRIGATION, RECLAIMED - WATER APPLIED, MEASURED IN ACRE FEET",TOTAL,NOT SPECIFIED,"6,715",46.6
CENSUS,2023,YEAR,STATE,KANSAS,"WATER, IRRIGATION, RECLAIMED, IN THE OPEN - ACRES IRRIGATED",TOTAL,NOT SPECIFIED,"15,671",37.0
CENSUS,2023,YEAR,STATE,KANSAS,"WATER, IRRIGATION, RECYCLED, IN THE OPEN - ACRES IRRIGATED",TOTAL,NOT SPECIFIED,"31,461",46.1
CENSUS,2023,YEAR,STATE,KENTUCKY,"WATER, IRRIGATION, RECYCLED, IN THE OPEN - ACRES IRRIGATED",TOTAL,NOT SPECIFIED,14,63.6
CENSUS,2023,YEAR,STATE,LOUISIANA,"WATER, IRRIGATION, RECYCLED, IN THE OPEN - ACRES IRRIGATED",TOTAL,NOT SPECIFIED,"40,822",71.8
CENSUS,2023,YEAR,STATE,MARYLAND,"WATER, IRRIGATION, RECYCLED, IN THE OPEN - ACRES IRRIGATED",TOTAL,NOT SPECIFIED,223,73.9
CENSUS,2023,YEAR,STATE,MASSACHUSETTS,"WATER, IRRIGATION, RECYCLED, IN THE OPEN - ACRES IRRIGATED",TOTAL,NOT SPECIFIED,"6,094",27.5
CENSUS,2023,YEAR,STATE,MICHIGAN,"WATER, IRRIGATION, RECLAIMED - WATER APPLIED, MEASURED IN ACRE FEET",TOTAL,NOT SPECIFIED,859,64.0
CENSUS,2023,YEAR,STATE,MICHIGAN,"WATER, IRRIGATION, RECLAIMED, IN THE OPEN - ACRES IRRIGATED",TOTAL,NOT SPECIFIED,"3,700",66.9
CENSUS,2023,YEAR,STATE,MICHIGAN,"WATER, IRRIGATION, RECYCLED, IN THE OPEN - ACRES IRRIGATED",TOTAL,NOT SPECIFIED,820,96.0
CENSUS,2023,YEAR,STATE,MINNESOTA,"WATER, IRRIGATION, RECYCLED, IN THE OPEN - ACRES IRRIGATED",TOTAL,NOT SPECIFIED,"1,079",67.1
CENSUS,2023,YEAR,STATE,MISSISSIPPI,"WATER, IRRIGATION, RECLAIMED - WATER APPLIED, MEASURED IN ACRE FEET",TOTAL,NOT SPECIFIED,3,99.1
CENSUS,2023,YEAR,STATE,MISSISSIPPI,"WATER, IRRIGATION, RECLAIMED, IN THE OPEN - ACRES IRRIGATED",TOTAL,NOT SPECIFIED,3,99.1
CENSUS,2023,YEAR,STATE,MISSISSIPPI,"WATER, IRRIGATION, RECYCLED, IN THE OPEN - ACRES IRRIGATED",TOTAL,NOT SPECIFIED,"24,065",48.4
CENSUS,2023,YEAR,STATE,MISSOURI,"WATER, IRRIGATION, RECLAIMED - WATER APPLIED, MEASURED IN ACRE FEET",TOTAL,NOT SPECIFIED,258,52.0
CENSUS,2023,YEAR,STATE,MISSOURI,"WATER, IRRIGATION, RECLAIMED, IN THE OPEN - ACRES IRRIGATED",TOTAL,NOT SPECIFIED,"1,444",80.5
CENSUS,2023,YEAR,STATE,MISSOURI,"WATER, IRRIGATION, RECYCLED, IN THE OPEN - ACRES IRRIGATED",TOTAL,NOT SPECIFIED,"7,306",94.4
CENSUS,2023,YEAR,STATE,MONTANA,"WATER, IRRIGATION, RECLAIMED, IN THE OPEN - ACRES IRRIGATED",TOTAL,NOT SPECIFIED,710,83.6
CENSUS,2023,YEAR,STATE,MONTANA,"WATER, IRRIGATION, RECYCLED, IN THE OPEN - ACRES IRRIGATED",TOTAL,NOT SPECIFIED,"18,823",54.4
CENSUS,2023,YEAR,STATE,NEBRASKA,"WATER, IRRIGATION, RECLAIMED - WATER APPLIED, MEASURED IN ACRE FEET",TOTAL,NOT SPECIFIED,"12,888",74.1
CENSUS,2023,YEAR,STATE,NEBRASKA,"WATER, IRRIGATION, RECLAIMED, IN THE OPEN - ACRES IRRIGATED",TOTAL,NOT SPECIFIED,"28,123",64.3
CENSUS,2023,YEAR,STATE,NEBRASKA,"WATER, IRRIGATION, RECYCLED, IN THE OPEN - ACRES IRRIGATED",TOTAL,NOT SPECIFIED,"27,600",67.0
CENSUS,2023,YEAR,STATE,NEVADA,"WATER, IRRIGATION, RECYCLED, IN THE OPEN - ACRES IRRIGATED",TOTAL,NOT SPECIFIED,"28,028",82.9
CENSUS,2023,YEAR,STATE,NEW JERSEY,"WATER, IRRIGATION, RECYCLED, IN THE OPEN - ACRES IRRIGATED",TOTAL,NOT SPECIFIED,"4,046",42.5
CENSUS,2023,YEAR,STATE,NEW MEXICO,"WATER, IRRIGATION, RECLAIMED - WATER APPLIED, MEASURED IN ACRE FEET",TOTAL,NOT SPECIFIED,413,84.0
CENSUS,2023,YEAR,STATE,NEW MEXICO,"WATER, IRRIGATION, RECYCLED, IN THE OPEN - ACRES IRRIGATED",TOTAL,NOT SPECIFIED,192,97.4
CENSUS,2023,YEAR,STATE,NEW YORK,"WATER, IRRIGATION, RECLAIMED - WATER APPLIED, MEASURED IN ACRE FEET",TOTAL,NOT SPECIFIED,108,84.1
CENSUS,2023,YEAR,STATE,NEW YORK,"WATER, IRRIGATION, RECLAIMED, IN THE OPEN - ACRES IRRIGATED",TOTAL,NOT SPECIFIED,36,67.4
CENSUS,2023,YEAR,STATE,NEW YORK,"WATER, IRRIGATION, RECYCLED, IN THE OPEN - ACRES IRRIGATED",TOTAL,NOT SPECIFIED,261,61.5
CENSUS,2023,YEAR,STATE,NORTH CAROLINA,"WATER, IRRIGATION, RECLAIMED - WATER APPLIED, MEASURED IN ACRE FEET",TOTAL,NOT SPECIFIED,"23,990",96.6
CENSUS,2023,YEAR,STATE,NORTH CAROLINA,"WATER, IRRIGATION, RECLAIMED, IN THE OPEN - ACRES IRRIGATED",TOTAL,NOT SPECIFIED,"6,228",40.0
CENSUS,2023,YEAR,STATE,NORTH CAROLINA,"WATER, IRRIGATION, RECYCLED, IN THE OPEN - ACRES IRRIGATED",TOTAL,NOT SPECIFIED,"9,518",22.8
CENSUS,2023,YEAR,STATE,NORTH DAKOTA,"WATER, IRRIGATION, RECYCLED, IN THE OPEN - ACRES IRRIGATED",TOTAL,NOT SPECIFIED,137,99.3
CENSUS,2023,YEAR,STATE,OHIO,"WATER, IRRIGATION, RECLAIMED - WATER APPLIED, MEASURED IN ACRE FEET",TOTAL,NOT SPECIFIED,647,51.2
CENSUS,2023,YEAR,STATE,OHIO,"WATER, IRRIGATION, RECLAIMED, IN THE OPEN - ACRES IRRIGATED",TOTAL,NOT SPECIFIED,"3,688",45.9
CENSUS,2023,YEAR,STATE,OHIO,"WATER, IRRIGATION, RECYCLED, IN THE OPEN - ACRES IRRIGATED",TOTAL,NOT SPECIFIED,"2,279",72.8
CENSUS,2023,YEAR,STATE,OREGON,"WATER, IRRIGATION, RECLAIMED - WATER APPLIED, MEASURED IN ACRE FEET",TOTAL,NOT SPECIFIED,"14,818",45.8
CENSUS,2023,YEAR,STATE,OREGON,"WATER, IRRIGATION, RECLAIMED, IN THE OPEN - ACRES IRRIGATED",TOTAL,NOT SPECIFIED,"18,107",47.1
CENSUS,2023,YEAR,STATE,OREGON,"WATER, IRRIGATION, RECYCLED, IN THE OPEN - ACRES IRRIGATED",TOTAL,NOT SPECIFIED,"13,209",31.9
CENSUS,2023,YEAR,STATE,PENNSYLVANIA,"WATER, IRRIGATION, RECYCLED, IN THE OPEN - ACRES IRRIGATED",TOTAL,NOT SPECIFIED,132,62.2
CENSUS,2023,YEAR,STATE,TENNESSEE,"WATER, IRRIGATION, RECYCLED, IN THE OPEN - ACRES IRRIGATED",TOTAL,NOT SPECIFIED,92,81.4
CENSUS,2023,YEAR,STATE,TEXAS,"WATER, IRRIGATION, RECLAIMED - WATER APPLIED, MEASURED IN ACRE FEET",TOTAL,NOT SPECIFIED,"51,967",75.9
CENSUS,2023,YEAR,STATE,TEXAS,"WATER, IRRIGATION, RECLAIMED, IN THE OPEN - ACRES IRRIGATED",TOTAL,NOT SPECIFIED,"75,507",86.4
CENSUS,2023,YEAR,STATE,TEXAS,"WATER, IRRIGATION, RECYCLED, IN THE OPEN - ACRES IRRIGATED",TOTAL,NOT SPECIFIED,"37,147",47.4
CENSUS,2023,YEAR,STATE,UTAH,"WATER, IRRIGATION, RECLAIMED - WATER APPLIED, MEASURED IN ACRE FEET",TOTAL,NOT SPECIFIED,"55,829",96.6
CENSUS,2023,YEAR,STATE,UTAH,"WATER, IRRIGATION, RECLAIMED, IN THE OPEN - ACRES IRRIGATED",TOTAL,NOT SPECIFIED,"10,505",44.5
CENSUS,2023,YEAR,STATE,UTAH,"WATER, IRRIGATION, RECYCLED, IN THE OPEN - ACRES IRRIGATED",TOTAL,NOT SPECIFIED,"10,136",82.1
CENSUS,2023,YEAR,STATE,VIRGINIA,"WATER, IRRIGATION, RECLAIMED - WATER APPLIED, MEASURED IN ACRE FEET",TOTAL,NOT SPECIFIED,24,75.5
CENSUS,2023,YEAR,STATE,VIRGINIA,"WATER, IRRIGATION, RECYCLED, IN THE OPEN - ACRES IRRIGATED",TOTAL,NOT SPECIFIED,451,58.4
CENSUS,2023,YEAR,STATE,WASHINGTON,"WATER, IRRIGATION, RECLAIMED - WATER APPLIED, MEASURED IN ACRE FEET",TOTAL,NOT SPECIFIED,"19,496",56.5
CENSUS,2023,YEAR,STATE,WASHINGTON,"WATER, IRRIGATION, RECLAIMED, IN THE OPEN - ACRES IRRIGATED",TOTAL,NOT SPECIFIED,"37,747",53.3
CENSUS,2023,YEAR,STATE,WASHINGTON,"WATER, IRRIGATION, RECYCLED, IN THE OPEN - ACRES IRRIGATED",TOTAL,NOT SPECIFIED,"23,396",84.6
CENSUS,2023,YEAR,STATE,WISCONSIN,"WATER, IRRIGATION, RECYCLED, IN THE OPEN - ACRES IRRIGATED",TOTAL,NOT SPECIFIED,"14,637",29.5
CENSUS,2023,YEAR,STATE,WYOMING,"WATER, IRRIGATION, RECLAIMED - WATER APPLIED, MEASURED IN ACRE FEET",TOTAL,NOT SPECIFIED,"32,768",74.7
CENSUS,2023,YEAR,STATE,WYOMING,"WATER, IRRIGATION, RECLAIMED, IN THE OPEN - ACRES IRRIGATED",TOTAL,NOT SPECIFIED,"34,000",72.5
CENSUS,2023,YEAR,STATE,WYOMING,"WATER, IRRIGATION, RECYCLED, IN THE OPEN - ACRES IRRIGATED",TOTAL,NOT SPECIFIED,"6,790",95.1
CENSUS,2023,YEAR,WATERSHED,NEW ENGLAND,"WATER, IRRIGATION, RECYCLED, IN THE OPEN - ACRES IRRIGATED",TOTAL,NOT SPECIFIED,"7,136",26.6
CENSUS,2023,YEAR,WATERSHED,MID-ATLANTIC,"WATER, IRRIGATION, RECLAIMED - WATER APPLIED, MEASURED IN ACRE FEET",TOTAL,NOT SPECIFIED,312,59.2
CENSUS,2023,YEAR,WATERSHED,MID-ATLANTIC,"WATER, IRRIGATION, RECLAIMED, IN THE OPEN - ACRES IRRIGATED",TOTAL,NOT SPECIFIED,"1,315",72.9
CENSUS,2023,YEAR,WATERSHED,MID-ATLANTIC,"WATER, IRRIGATION, RECYCLED, IN THE OPEN - ACRES IRRIGATED",TOTAL,NOT SPECIFIED,"4,908",36.3
CENSUS,2023,YEAR,WATERSHED,SOUTH ATLANTIC-GULF,"WATER, IRRIGATION, RECLAIMED - WATER APPLIED, MEASURED IN ACRE FEET",TOTAL,NOT SPECIFIED,"46,744",55.7
CENSUS,2023,YEAR,WATERSHED,SOUTH ATLANTIC-GULF,"WATER, IRRIGATION, RECLAIMED, IN THE OPEN - ACRES IRRIGATED",TOTAL,NOT SPECIFIED,"42,780",46.6
CENSUS,2023,YEAR,WATERSHED,SOUTH ATLANTIC-GULF,"WATER, IRRIGATION, RECYCLED, IN THE OPEN - ACRES IRRIGATED",TOTAL,NOT SPECIFIED,"72,813",36.8
CENSUS,2023,YEAR,WATERSHED,GREAT LAKES,"WATER, IRRIGATION, RECLAIMED - WATER APPLIED, MEASURED IN ACRE FEET",TOTAL,NOT SPECIFIED,"1,230",44.3
CENSUS,2023,YEAR,WATERSHED,GREAT LAKES,"WATER, IRRIGATION, RECLAIMED, IN THE OPEN - ACRES IRRIGATED",TOTAL,NOT SPECIFIED,"6,620",38.4
CENSUS,2023,YEAR,WATERSHED,GREAT LAKES,"WATER, IRRIGATION, RECYCLED, IN THE OPEN - ACRES IRRIGATED",TOTAL,NOT SPECIFIED,"3,261",62.1
CENSUS,2023,YEAR,WATERSHED,OHIO,"WATER, IRRIGATION, RECLAIMED - WATER APPLIED, MEASURED IN ACRE FEET",TOTAL,NOT SPECIFIED,"1,076",76.5
CENSUS,2023,YEAR,WATERSHED,OHIO,"WATER, IRRIGATION, RECLAIMED, IN THE OPEN - ACRES IRRIGATED",TOTAL,NOT SPECIFIED,"5,528",86.2
CENSUS,2023,YEAR,WATERSHED,OHIO,"WATER, IRRIGATION, RECYCLED, IN THE OPEN - ACRES IRRIGATED",TOTAL,NOT SPECIFIED,"1,469",61.0
CENSUS,2023,YEAR,WATERSHED,UPPER MISSISSIPPI,"WATER, IRRIGATION, RECLAIMED - WATER APPLIED, MEASURED IN ACRE FEET",TOTAL,NOT SPECIFIED,"1,226",93.3
CENSUS,2023,YEAR,WATERSHED,UPPER MISSISSIPPI,"WATER, IRRIGATION, RECLAIMED, IN THE OPEN - ACRES IRRIGATED",TOTAL,NOT SPECIFIED,"3,353",97.1
CENSUS,2023,YEAR,WATERSHED,UPPER MISSISSIPPI,"WATER, IRRIGATION, RECYCLED, IN THE OPEN - ACRES IRRIGATED",TOTAL,NOT SPECIFIED,"24,652",27.4
CENSUS,2023,YEAR,WATERSHED,LOWER MISSISSIPPI,"WATER, IRRIGATION, RECLAIMED - WATER APPLIED, MEASURED IN ACRE FEET",TOTAL,NOT SPECIFIED,"3,052",75.1
CENSUS,2023,YEAR,WATERSHED,LOWER MISSISSIPPI,"WATER, IRRIGATION, RECLAIMED, IN THE OPEN - ACRES IRRIGATED",TOTAL,NOT SPECIFIED,"4,452",64.3
CENSUS,2023,YEAR,WATERSHED,LOWER MISSISSIPPI,"WATER, IRRIGATION, RECYCLED, IN THE OPEN - ACRES IRRIGATED",TOTAL,NOT SPECIFIED,"466,537",20.2
CENSUS,2023,YEAR,WATERSHED,MISSOURI,"WATER, IRRIGATION, RECLAIMED - WATER APPLIED, MEASURED IN ACRE FEET",TOTAL,NOT SPECIFIED,"99,625",47.6
CENSUS,2023,YEAR,WATERSHED,MISSOURI,"WATER, IRRIGATION, RECLAIMED, IN THE OPEN - ACRES IRRIGATED",TOTAL,NOT SPECIFIED,"101,205",35.4
CENSUS,2023,YEAR,WATERSHED,MISSOURI,"WATER, IRRIGATION, RECYCLED, IN THE OPEN - ACRES IRRIGATED",TOTAL,NOT SPECIFIED,"62,660",47.9
CENSUS,2023,YEAR,WATERSHED,ARKANSAS-WHITE-RED,"WATER, IRRIGATION, RECLAIMED - WATER APPLIED, MEASURED IN ACRE FEET",TOTAL,NOT SPECIFIED,"47,749",84.7
CENSUS,2023,YEAR,WATERSHED,ARKANSAS-WHITE-RED,"WATER, IRRIGATION, RECLAIMED, IN THE OPEN - ACRES IRRIGATED",TOTAL,NOT SPECIFIED,"95,478",82.5
CENSUS,2023,YEAR,WATERSHED,ARKANSAS-WHITE-RED,"WATER, IRRIGATION, RECYCLED, IN THE OPEN - ACRES IRRIGATED",TOTAL,NOT SPECIFIED,"95,930",31.5
CENSUS,2023,YEAR,WATERSHED,TEXAS-GULF,"WATER, IRRIGATION, RECLAIMED - WATER APPLIED, MEASURED IN ACRE FEET",TOTAL,NOT SPECIFIED,"10,972",78.5
CENSUS,2023,YEAR,WATERSHED,TEXAS-GULF,"WATER, IRRIGATION, RECLAIMED, IN THE OPEN - ACRES IRRIGATED",TOTAL,NOT SPECIFIED,"11,382",58.6
CENSUS,2023,YEAR,WATERSHED,TEXAS-GULF,"WATER, IRRIGATION, RECYCLED, IN THE OPEN - ACRES IRRIGATED",TOTAL,NOT SPECIFIED,"11,057",38.0
CENSUS,2023,YEAR,WATERSHED,RIO GRANDE,"WATER, IRRIGATION, RECLAIMED - WATER APPLIED, MEASURED IN ACRE FEET",TOTAL,NOT SPECIFIED,413,84.0
CENSUS,2023,YEAR,WATERSHED,RIO GRANDE,"WATER, IRRIGATION, RECYCLED, IN THE OPEN - ACRES IRRIGATED",TOTAL,NOT SPECIFIED,"2,412",87.7
CENSUS,2023,YEAR,WATERSHED,UPPER COLORADO,"WATER, IRRIGATION, RECLAIMED - WATER APPLIED, MEASURED IN ACRE FEET",TOTAL,NOT SPECIFIED,"1,518",58.4
CENSUS,2023,YEAR,WATERSHED,UPPER COLORADO,"WATER, IRRIGATION, RECLAIMED, IN THE OPEN - ACRES IRRIGATED",TOTAL,NOT SPECIFIED,"1,144",62.9
CENSUS,2023,YEAR,WATERSHED,UPPER COLORADO,"WATER, IRRIGATION, RECYCLED, IN THE OPEN - ACRES IRRIGATED",TOTAL,NOT SPECIFIED,"19,967",47.7
CENSUS,2023,YEAR,WATERSHED,LOWER COLORADO,"WATER, IRRIGATION, RECLAIMED - WATER APPLIED, MEASURED IN ACRE FEET",TOTAL,NOT SPECIFIED,"153,102",58.9
CENSUS,2023,YEAR,WATERSHED,LOWER COLORADO,"WATER, IRRIGATION, RECLAIMED, IN THE OPEN - ACRES IRRIGATED",TOTAL,NOT SPECIFIED,"45,270",50.0
CENSUS,2023,YEAR,WATERSHED,LOWER COLORADO,"WATER, IRRIGATION, RECYCLED, IN THE OPEN - ACRES IRRIGATED",TOTAL,NOT SPECIFIED,"5,794",94.1
CENSUS,2023,YEAR,WATERSHED,GREAT BASIN,"WATER, IRRIGATION, RECLAIMED - WATER APPLIED, MEASURED IN ACRE FEET",TOTAL,NOT SPECIFIED,"61,919",85.9
CENSUS,2023,YEAR,WATERSHED,GREAT BASIN,"WATER, IRRIGATION, RECLAIMED, IN THE OPEN - ACRES IRRIGATED",TOTAL,NOT SPECIFIED,"13,595",33.1
CENSUS,2023,YEAR,WATERSHED,GREAT BASIN,"WATER, IRRIGATION, RECYCLED, IN THE OPEN - ACRES IRRIGATED",TOTAL,NOT SPECIFIED,"37,966",70.6
CENSUS,2023,YEAR,WATERSHED,PACIFIC NORTHWEST,"WATER, IRRIGATION, RECLAIMED - WATER APPLIED, MEASURED IN ACRE FEET",TOTAL,NOT SPECIFIED,"52,068",27.4
CENSUS,2023,YEAR,WATERSHED,PACIFIC NORTHWEST,"WATER, IRRIGATION, RECLAIMED, IN THE OPEN - ACRES IRRIGATED",TOTAL,NOT SPECIFIED,"77,595",27.4
CENSUS,2023,YEAR,WATERSHED,PACIFIC NORTHWEST,"WATER, IRRIGATION, RECYCLED, IN THE OPEN - ACRES IRRIGATED",TOTAL,NOT SPECIFIED,"68,037",55.4
CENSUS,2023,YEAR,WATERSHED,CALIFORNIA,"WATER, IRRIGATION, RECLAIMED - WATER APPLIED, MEASURED IN ACRE FEET",TOTAL,NOT SPECIFIED,"593,151",18.6
CENSUS,2023,YEAR,WATERSHED,CALIFORNIA,"WATER, IRRIGATION, RECLAIMED, IN THE OPEN - ACRES IRRIGATED",TOTAL,NOT SPECIFIED,"372,224",17.5
CENSUS,2023,YEAR,WATERSHED,CALIFORNIA,"WATER, IRRIGATION, RECYCLED, IN THE OPEN - ACRES IRRIGATED",TOTAL,NOT SPECIFIED,"296,677",23.1
CENSUS,2023,YEAR,WATERSHED,HAWAII,"WATER, IRRIGATION, RECLAIMED - WATER APPLIED, MEASURED IN ACRE FEET",TOTAL,NOT SPECIFIED,887,86.9
CENSUS,2023,YEAR,WATERSHED,HAWAII,"WATER, IRRIGATION, RECLAIMED, IN THE OPEN - ACRES IRRIGATED",TOTAL,NOT SPECIFIED,465,69.7
